date,timestamp,station,value
2025-05-22,2025-05-22 00:47:02,SPO-EE0018A_00010_100,
2025-05-22,2025-05-22 00:47:02,SPO-DK0045A_00010_100,
2025-05-22,2025-05-22 02:27:02,GB_SamplingPoint_205,
2025-05-22,2025-05-22 02:27:02,GB_SamplingPoint_112,
2025-05-22,2025-05-22 02:27:02,SPO-LU0101A_00010_100,
2025-05-22,2025-05-22 02:27:02,GB_SamplingPoint_107,
2025-05-22,2025-05-22 02:27:02,SPO-DK0045A_00010_100,
2025-05-22,2025-05-22 02:27:02,GB_SamplingPoint_61573,
2025-05-22,2025-05-22 02:27:02,SPO-EE0018A_00010_100,
2025-05-22,2025-05-22 02:27:02,GB_SamplingPoint_127,
2025-05-22,2025-05-22 02:32:02,SPO-LU0101A_00010_100,
2025-05-22,2025-05-22 02:32:02,GB_SamplingPoint_107,
2025-05-22,2025-05-22 04:07:02,GB_SamplingPoint_112,
2025-05-22,2025-05-22 04:07:02,GB_SamplingPoint_61573,
2025-05-22,2025-05-22 10:32:02,SPO-GR0031A_00010_131,
2025-05-22,2025-05-22 13:54:09,SPO-PT03083_00010_100,0.0303824171423912
2025-05-22,2025-05-22 13:54:09,SP_28079035_6_48,0.0299545936286449
2025-05-22,2025-05-22 13:54:09,SP_08019054_6_48,0.0303943119943141
2025-05-22,2025-05-22 13:54:09,SP_28092005_6_48,0.0287640951573848
2025-05-22,2025-05-22 13:54:09,SPO-PT03071_00010_100,0.0306531898677349
2025-05-22,2025-05-22 13:54:09,SP_30016020_6_48,0.030968677252531
2025-05-22,2025-05-22 13:54:09,SP_15030027_6_48,0.029738200828433
2025-05-22,2025-05-22 13:54:09,SPO-PT03082_00010_100,
2025-05-22,2025-05-22 13:59:09,GB_SamplingPoint_112,0.0314147137105464
2025-05-22,2025-05-22 13:59:09,GB_SamplingPoint_61573,0.0317171365022659
2025-05-22,2025-05-22 13:59:09,GB_SamplingPoint_107,0.029739735648036
2025-05-23,2025-05-23 00:29:09,SPO-EE0018A_00010_100,
2025-05-23,2025-05-23 02:09:09,GB_SamplingPoint_61573,
2025-05-23,2025-05-23 02:09:09,SPO-LU0101A_00010_100,
2025-05-23,2025-05-23 02:09:09,GB_SamplingPoint_112,
2025-05-23,2025-05-23 02:09:09,SPO-DK0045A_00010_100,
2025-05-23,2025-05-23 02:09:09,SPO-EE0018A_00010_100,
2025-05-23,2025-05-23 02:09:09,GB_SamplingPoint_127,
2025-05-23,2025-05-23 02:09:09,GB_SamplingPoint_107,
2025-05-23,2025-05-23 02:09:09,GB_SamplingPoint_205,
2025-05-23,2025-05-23 03:49:09,GB_SamplingPoint_127,
2025-05-23,2025-05-23 03:49:09,GB_SamplingPoint_61573,
2025-05-23,2025-05-23 03:49:09,GB_SamplingPoint_112,
2025-05-23,2025-05-23 03:49:09,GB_SamplingPoint_107,
2025-05-23,2025-05-23 10:19:09,SPO-EE0018A_00010_100,0.0343464389443397
2025-05-23,2025-05-23 11:54:09,SP_08019057_6_48,0.0313028506934642
2025-05-23,2025-05-23 11:54:09,SP_08019054_6_48,0.0313028506934642
2025-05-23,2025-05-23 11:54:09,SP_08169009_6_48,0.034120038151741
2025-05-23,2025-05-23 11:54:09,SPO-GR0022A_00010_101,0.0296489745378494
2025-05-23,2025-05-23 11:54:09,SPO-FR03043_10,0.0341878570616245
2025-05-23,2025-05-23 11:54:09,SPO-GR0031A_00010_131,0.0319909341633319
2025-05-23,2025-05-23 11:59:09,GB_SamplingPoint_205,0.0304017569869756
2025-05-23,2025-05-23 11:59:09,SP_08019054_6_48,0.0313028879463672
2025-05-23,2025-05-23 11:59:09,SPO-FR03043_10,0.0341878533363342
2025-05-23,2025-05-23 11:59:09,GB_SamplingPoint_127,0.0321624800562858
2025-05-23,2025-05-23 11:59:09,GB_SamplingPoint_61573,0.0334431454539299
2025-05-23,2025-05-23 11:59:09,SP_08019057_6_48,0.0313028879463672
2025-05-23,2025-05-23 11:59:09,SPO-DK0045A_00010_100,
2025-05-23,2025-05-23 11:59:09,GB_SamplingPoint_112,
2025-05-23,2025-05-23 11:59:09,SPO-CH0005A_00010_502,0.0324434600770473
2025-05-23,2025-05-23 11:59:09,SPO-CH0010A_00010_500,0.0302334651350975
2025-05-23,2025-05-23 11:59:09,SP_08169009_6_48,0.0341200344264507
2025-05-23,2025-05-23 11:59:09,SPO-LU0101A_00010_100,
2025-05-23,2025-05-23 11:59:09,SPO-FR04055_10,0.030884338542819
2025-05-23,2025-05-23 11:59:09,SPO-EE0018A_00010_100,
2025-05-23,2025-05-23 13:34:09,SP_08089005_6_48,0.0322272889316082
2025-05-23,2025-05-23 13:34:09,SP_08019054_6_48,0.0303775817155838
2025-05-23,2025-05-23 13:34:09,SP_28079035_6_48,0.0290207844227552
2025-05-23,2025-05-23 13:34:09,SP_08169009_6_48,0.0322272889316082
2025-05-23,2025-05-23 13:34:09,SP_28092005_6_48,0.0277842357754707
2025-05-23,2025-05-23 13:34:09,SP_08301004_6_48,0.0322272889316082
2025-05-23,2025-05-23 13:34:09,SP_30016020_6_48,
2025-05-23,2025-05-23 13:34:09,SPO-PT03083_00010_100,
2025-05-23,2025-05-23 13:34:09,SPO-PT03082_00010_100,
2025-05-23,2025-05-23 13:34:09,SPO-PT03071_00010_100,0.0255095493048429
2025-05-23,2025-05-23 13:34:09,SP_08019057_6_48,0.0334205739200115
2025-05-23,2025-05-23 13:39:09,GB_SamplingPoint_112,
2025-05-23,2025-05-23 13:39:09,GB_SamplingPoint_205,0.034946821630001
2025-05-23,2025-05-23 13:39:09,SP_08301004_6_48,0.0334205739200115
2025-05-23,2025-05-23 13:39:09,SP_08169009_6_48,0.0334205739200115
2025-05-23,2025-05-23 13:39:09,GB_SamplingPoint_107,0.0321966297924518
2025-05-23,2025-05-23 13:39:09,GB_SamplingPoint_127,0.0317643843591213
2025-05-23,2025-05-23 13:39:09,SP_08019057_6_48,0.0334205739200115
2025-05-23,2025-05-23 13:39:09,GB_SamplingPoint_61573,
2025-05-23,2025-05-23 13:39:09,SP_08019054_6_48,0.0303775817155838
2025-05-23,2025-05-23 13:39:09,SP_15030027_6_48,0.029928570613265
2025-05-23,2025-05-23 13:39:09,SPO-FR03043_10,0.0299825947731733
2025-05-23,2025-05-23 13:39:09,SPO-FR04055_10,0.0290258526802063
2025-05-24,2025-05-24 00:09:09,SPO-EE0018A_00010_100,
2025-05-24,2025-05-24 01:49:09,SPO-EE0018A_00010_100,
2025-05-24,2025-05-24 01:49:09,SPO-DK0045A_00010_100,
2025-05-24,2025-05-24 01:49:09,GB_SamplingPoint_112,
2025-05-24,2025-05-24 01:49:09,GB_SamplingPoint_61573,
2025-05-24,2025-05-24 01:49:09,GB_SamplingPoint_127,
2025-05-24,2025-05-24 01:54:09,GB_SamplingPoint_205,
2025-05-24,2025-05-24 03:29:09,GB_SamplingPoint_127,
2025-05-24,2025-05-24 03:29:09,GB_SamplingPoint_61573,
2025-05-24,2025-05-24 03:29:09,GB_SamplingPoint_112,
2025-05-24,2025-05-24 03:34:09,GB_SamplingPoint_112,
2025-05-24,2025-05-24 03:34:09,GB_SamplingPoint_205,
2025-05-24,2025-05-24 03:34:09,GB_SamplingPoint_107,
2025-05-24,2025-05-24 09:59:09,SPO-EE0018A_00010_100,
2025-05-24,2025-05-24 11:34:09,SPO-GR0031A_00010_131,0.0264248121529817
2025-05-24,2025-05-24 11:34:09,SPO-GR0022A_00010_101,0.0240175276994705
2025-05-24,2025-05-24 11:39:09,SPO-FR04055_10,
2025-05-24,2025-05-24 11:39:09,SPO-EE0018A_00010_100,
2025-05-24,2025-05-24 11:39:09,SPO-DK0045A_00010_100,
2025-05-24,2025-05-24 11:39:09,SPO-CH0005A_00010_502,0.030868737027049
2025-05-24,2025-05-24 11:39:09,GB_SamplingPoint_205,
2025-05-24,2025-05-24 11:39:09,SPO-CH0010A_00010_500,0.030868737027049
2025-05-24,2025-05-24 11:39:09,SPO-FR03043_10,0.0333973467350006
2025-05-24,2025-05-24 11:39:09,SPO-LU0101A_00010_100,0.0328578315675258
2025-05-24,2025-05-24 11:44:09,GB_SamplingPoint_61573,0.0347763001918792
2025-05-24,2025-05-24 13:14:09,SP_30016020_6_48,0.0278335101902484
2025-05-24,2025-05-24 13:19:09,GB_SamplingPoint_107,
2025-05-24,2025-05-24 13:19:09,SP_08169009_6_48,0.03270198777318
2025-05-24,2025-05-24 13:19:09,SP_28092005_6_48,0.0248613785952329
2025-05-24,2025-05-24 13:19:09,SP_15030027_6_48,0.0267619267106056
2025-05-24,2025-05-24 13:19:09,SP_08301004_6_48,0.0331588722765445
2025-05-24,2025-05-24 13:19:09,SP_30016020_6_48,0.0278335101902484
2025-05-24,2025-05-24 13:19:09,SPO-PT03082_00010_100,0.0371332578361034
2025-05-24,2025-05-24 13:19:09,SPO-PT03083_00010_100,0.0342609025537967
2025-05-24,2025-05-24 13:19:09,SPO-FR04055_10,
2025-05-24,2025-05-24 13:19:09,SPO-PT03071_00010_100,0.0301806852221488
2025-05-24,2025-05-24 13:19:09,SP_08089005_6_48,0.0315831303596496
2025-05-24,2025-05-24 13:19:09,SP_28079035_6_48,0.0306947864592075
2025-05-24,2025-05-24 13:19:09,SPO-FR03043_10,0.0339887477457523
2025-05-24,2025-05-24 13:19:09,SPO-CH0005A_00010_502,0.029969248920679
2025-05-24,2025-05-24 13:19:09,SPO-LU0101A_00010_100,
2025-05-24,2025-05-24 13:19:09,GB_SamplingPoint_61573,
2025-05-24,2025-05-24 13:19:09,GB_SamplingPoint_112,
2025-05-24,2025-05-24 13:19:09,SP_08019057_6_48,0.0354959554970264
2025-05-24,2025-05-24 13:19:09,GB_SamplingPoint_205,0.0352199636399745
2025-05-24,2025-05-24 13:19:09,SP_08019054_6_48,0.0326275192201137
2025-05-24,2025-05-24 13:19:09,SPO-CH0010A_00010_500,0.029969248920679
2025-05-24,2025-05-24 13:19:09,GB_SamplingPoint_127,
2025-05-24,2025-05-24 13:24:09,GB_SamplingPoint_61573,0.0341789610683918
2025-05-25,2025-05-25 01:29:09,SPO-DK0045A_00010_100,
2025-05-25,2025-05-25 01:29:09,SPO-EE0018A_00010_100,
2025-05-25,2025-05-25 01:34:09,GB_SamplingPoint_61573,
2025-05-25,2025-05-25 01:34:09,GB_SamplingPoint_127,
2025-05-25,2025-05-25 03:14:09,GB_SamplingPoint_205,
2025-05-25,2025-05-25 03:14:09,GB_SamplingPoint_127,
2025-05-25,2025-05-25 03:14:09,GB_SamplingPoint_112,
2025-05-25,2025-05-25 03:14:09,SPO-FR04055_10,
2025-05-25,2025-05-25 03:14:09,GB_SamplingPoint_61573,
2025-05-25,2025-05-25 03:14:09,GB_SamplingPoint_107,
2025-05-25,2025-05-25 09:44:09,SPO-EE0018A_00010_100,
2025-05-25,2025-05-25 11:14:09,SPO-GR0031A_00010_131,
2025-05-25,2025-05-25 11:14:09,SPO-GR0022A_00010_101,
2025-05-25,2025-05-25 11:19:09,SPO-GR0022A_00010_101,
2025-05-25,2025-05-25 11:19:09,SPO-GR0031A_00010_131,
2025-05-25,2025-05-25 11:19:09,SPO-LU0101A_00010_100,0.026470348238945
2025-05-25,2025-05-25 11:19:09,SPO-CH0005A_00010_502,0.0291482955217361
2025-05-25,2025-05-25 11:24:09,SPO-EE0018A_00010_100,
2025-05-25,2025-05-25 11:24:09,SPO-DK0045A_00010_100,
2025-05-25,2025-05-25 12:59:09,SP_08169009_6_48,0.025650005787611
2025-05-25,2025-05-25 12:59:09,SPO-FR03043_10,0.0297368057072162
2025-05-25,2025-05-25 12:59:09,SPO-LU0101A_00010_100,0.0316017195582389
2025-05-25,2025-05-25 12:59:09,GB_SamplingPoint_205,0.0320884063839912
2025-05-25,2025-05-25 12:59:09,SPO-CH0005A_00010_502,0.0292770154774189
2025-05-25,2025-05-25 12:59:09,SP_08301004_6_48,0.030735133215785
2025-05-25,2025-05-25 12:59:09,SPO-CH0010A_00010_500,0.0292770154774189
2025-05-25,2025-05-25 12:59:09,SP_30016020_6_48,0.0283491555601358
2025-05-25,2025-05-25 12:59:09,SP_08019054_6_48,0.0272512827068567
2025-05-25,2025-05-25 12:59:09,SP_08019057_6_48,0.0272512827068567
2025-05-25,2025-05-25 12:59:09,GB_SamplingPoint_107,0.0343747250735759
2025-05-25,2025-05-25 12:59:09,SP_28092005_6_48,0.0272640939801931
2025-05-25,2025-05-25 12:59:09,SPO-PT03071_00010_100,0.0272503141313791
2025-05-25,2025-05-25 12:59:09,SP_15030027_6_48,0.0313943661749362
2025-05-25,2025-05-25 12:59:09,SP_28079035_6_48,0.02578591927886
2025-05-25,2025-05-25 12:59:09,SPO-PT03082_00010_100,0.0353179387748241
2025-05-25,2025-05-25 12:59:09,SPO-FR04055_10,0.0301637835800647
2025-05-25,2025-05-25 12:59:09,SPO-PT03083_00010_100,0.0354591161012649
2025-05-25,2025-05-25 12:59:09,SP_08089005_6_48,0.030735133215785
2025-05-25,2025-05-25 13:04:09,SPO-DK0045A_00010_100,
2025-05-25,2025-05-25 13:04:09,GB_SamplingPoint_127,0.0298266746103763
2025-05-25,2025-05-25 13:04:09,GB_SamplingPoint_61573,0.0343923047184944
2025-05-25,2025-05-25 13:04:09,GB_SamplingPoint_112,0.0286791995167732
2025-05-25,2025-05-25 13:04:09,GB_SamplingPoint_107,0.0343747250735759
2025-05-25,2025-05-25 13:04:09,GB_SamplingPoint_205,0.0320884063839912
2025-05-26,2025-05-26 01:09:09,SPO-EE0018A_00010_100,
2025-05-26,2025-05-26 01:14:09,SPO-DK0045A_00010_100,
2025-05-26,2025-05-26 01:14:09,GB_SamplingPoint_127,
2025-05-26,2025-05-26 02:54:09,GB_SamplingPoint_205,
2025-05-26,2025-05-26 02:54:09,GB_SamplingPoint_112,
2025-05-26,2025-05-26 02:54:09,GB_SamplingPoint_127,
2025-05-26,2025-05-26 02:54:09,SPO-CH0005A_00010_502,
2025-05-26,2025-05-26 02:54:09,GB_SamplingPoint_61573,
2025-05-26,2025-05-26 02:54:09,SPO-LU0101A_00010_100,
2025-05-26,2025-05-26 02:54:09,GB_SamplingPoint_107,
2025-05-26,2025-05-26 02:54:09,SPO-CH0010A_00010_500,
2025-05-26,2025-05-26 02:54:09,SPO-DK0045A_00010_100,
2025-05-26,2025-05-26 02:54:09,SPO-FR04055_10,
2025-05-26,2025-05-26 10:59:09,SPO-GR0022A_00010_101,0.028472289443016
2025-05-26,2025-05-26 10:59:09,SPO-GR0031A_00010_131,0.031087577342987
2025-05-26,2025-05-26 11:04:09,SPO-EE0018A_00010_100,0.0280807763338089
2025-05-26,2025-05-26 11:04:09,SPO-DK0045A_00010_100,0.0317380689084529
2025-05-26,2025-05-26 12:39:09,SP_15030027_6_48,0.0356088392436504
2025-05-26,2025-05-26 12:39:09,SP_08019057_6_48,0.0284311957657337
2025-05-26,2025-05-26 12:39:09,SP_08089005_6_48,0.0320566818118095
2025-05-26,2025-05-26 12:39:09,SPO-CH0010A_00010_500,
2025-05-26,2025-05-26 12:39:09,SP_08169009_6_48,0.028918819501996
2025-05-26,2025-05-26 12:39:09,SPO-CH0005A_00010_502,
2025-05-26,2025-05-26 12:39:09,SP_08019054_6_48,0.0272910203784704
2025-05-26,2025-05-26 12:39:09,SPO-FR03043_10,0.0342241898179054
2025-05-26,2025-05-26 12:39:09,SP_30016020_6_48,0.0285808499902486
2025-05-26,2025-05-26 12:39:09,SP_08301004_6_48,0.0320566818118095
2025-05-26,2025-05-26 12:39:09,SP_28092005_6_48,0.0278419386595487
2025-05-26,2025-05-26 12:39:09,SP_28079035_6_48,0.0290638450533151
2025-05-26,2025-05-26 12:44:09,SPO-FR04055_10,
2025-05-26,2025-05-26 12:44:09,GB_SamplingPoint_107,
2025-05-26,2025-05-26 12:44:09,SPO-DK0045A_00010_100,
2025-05-26,2025-05-26 12:44:09,SPO-LU0101A_00010_100,
2025-05-26,2025-05-26 12:44:09,GB_SamplingPoint_112,0.023931672796607
2025-05-26,2025-05-26 12:44:09,GB_SamplingPoint_61573,0.0283520705997943
2025-05-26,2025-05-26 12:44:09,GB_SamplingPoint_127,
2025-05-26,2025-05-26 12:44:09,GB_SamplingPoint_205,
2025-05-26,2025-05-26 14:19:09,SPO-PT03083_00010_100,0.0300056505948305
2025-05-26,2025-05-26 14:19:09,SPO-PT03071_00010_100,0.0309646110981702
2025-05-26,2025-05-26 14:19:09,SPO-PT03082_00010_100,0.0309646110981702
2025-05-26,2025-05-26 14:19:09,SP_28079035_6_48,
2025-05-26,2025-05-26 14:19:09,SP_15030027_6_48,
2025-05-26,2025-05-26 14:24:09,SP_15030027_6_48,
2025-05-27,2025-05-27 02:34:09,SPO-CH0010A_00010_500,
2025-05-27,2025-05-27 02:34:09,GB_SamplingPoint_61573,
2025-05-27,2025-05-27 02:34:09,SPO-FR04055_10,
2025-05-27,2025-05-27 02:34:09,GB_SamplingPoint_107,
2025-05-27,2025-05-27 02:34:09,SPO-LU0101A_00010_100,
2025-05-27,2025-05-27 02:34:09,GB_SamplingPoint_127,
2025-05-27,2025-05-27 02:34:09,GB_SamplingPoint_205,
2025-05-27,2025-05-27 02:34:09,SPO-DK0045A_00010_100,
2025-05-27,2025-05-27 02:34:09,GB_SamplingPoint_112,
2025-05-27,2025-05-27 04:14:09,GB_SamplingPoint_112,
2025-05-27,2025-05-27 10:39:09,SPO-GR0022A_00010_101,0.0293910540640354
2025-05-27,2025-05-27 10:39:09,SPO-GR0031A_00010_131,0.0314085073769092
2025-05-27,2025-05-27 10:44:09,SPO-DK0045A_00010_100,
2025-05-27,2025-05-27 10:44:09,SPO-EE0018A_00010_100,0.0364775136113166
2025-05-27,2025-05-27 12:19:09,SP_08169009_6_48,0.0311397034674882
2025-05-27,2025-05-27 12:19:09,SP_08019057_6_48,0.0330693870782852
2025-05-27,2025-05-27 12:19:09,SP_08089005_6_48,0.0311397034674882
2025-05-27,2025-05-27 12:19:09,SPO-FR03043_10,0.0318560078740119
2025-05-27,2025-05-27 12:19:09,SP_08019054_6_48,0.0304580479860305
2025-05-27,2025-05-27 12:19:09,SPO-GR0022A_00010_101,0.029751980677247
2025-05-27,2025-05-27 12:19:09,SP_08301004_6_48,0.0311397034674882
2025-05-27,2025-05-27 12:24:09,GB_SamplingPoint_61573,0.023781482130289
2025-05-27,2025-05-27 12:24:09,SPO-FR03043_10,0.0318560078740119
2025-05-27,2025-05-27 12:24:09,GB_SamplingPoint_107,0.0289614833891391
2025-05-27,2025-05-27 12:24:09,SPO-LU0101A_00010_100,0.0305235721170902
2025-05-27,2025-05-27 12:24:09,SPO-DK0045A_00010_100,0.0286460723727941
2025-05-27,2025-05-27 12:24:09,SP_28092005_6_48,0.0316490121185779
2025-05-27,2025-05-27 12:24:09,SP_28079035_6_48,0.031043741852045
2025-05-27,2025-05-27 12:24:09,GB_SamplingPoint_205,
2025-05-27,2025-05-27 12:24:09,GB_SamplingPoint_127,
2025-05-27,2025-05-27 12:24:09,SPO-FR04055_10,
2025-05-27,2025-05-27 12:24:09,SPO-CH0010A_00010_500,
2025-05-27,2025-05-27 12:24:09,GB_SamplingPoint_112,
2025-05-27,2025-05-27 12:24:09,SPO-CH0005A_00010_502,
2025-05-27,2025-05-27 13:59:09,SP_30016020_6_48,0.032639242708683
2025-05-27,2025-05-27 13:59:09,SPO-PT03071_00010_100,0.0312654189765453
2025-05-27,2025-05-27 13:59:09,SPO-PT03083_00010_100,0.0330634713172912
2025-05-27,2025-05-27 13:59:09,SPO-PT03082_00010_100,0.0303980521857738
2025-05-27,2025-05-27 13:59:09,SP_28092005_6_48,0.0275347083806991
2025-05-27,2025-05-27 13:59:09,SP_28079035_6_48,0.0285624396055936
2025-05-27,2025-05-27 14:04:09,GB_SamplingPoint_61573,0.02712132781744
2025-05-27,2025-05-27 14:04:09,GB_SamplingPoint_205,
2025-05-27,2025-05-27 14:04:09,SP_28092005_6_48,0.0275347083806991
2025-05-27,2025-05-27 14:04:09,SP_15030027_6_48,0.0370378978550434
2025-05-27,2025-05-27 14:04:09,SP_28079035_6_48,0.0290019437670707
2025-05-27,2025-05-27 14:04:09,GB_SamplingPoint_107,0.0295065678656101
2025-05-27,2025-05-27 14:04:09,GB_SamplingPoint_112,
2025-05-28,2025-05-28 00:34:09,SPO-DK0045A_00010_100,
2025-05-28,2025-05-28 00:34:09,SPO-EE0018A_00010_100,
2025-05-28,2025-05-28 03:54:09,GB_SamplingPoint_112,
2025-05-28,2025-05-28 03:54:09,GB_SamplingPoint_127,
2025-05-28,2025-05-28 03:59:09,GB_SamplingPoint_127,
2025-05-28,2025-05-28 03:59:09,GB_SamplingPoint_112,
2025-05-28,2025-05-28 10:24:09,SPO-EE0018A_00010_100,0.030314814299345
2025-05-28,2025-05-28 10:24:09,SPO-DK0045A_00010_100,
2025-05-28,2025-05-28 11:59:09,SPO-GR0031A_00010_131,
2025-05-28,2025-05-28 11:59:09,SPO-GR0022A_00010_101,
2025-05-28,2025-05-28 12:04:09,SP_08019054_6_48,0.0343973003327846
2025-05-28,2025-05-28 12:04:09,SPO-CH0010A_00010_500,0.0273974109441041
2025-05-28,2025-05-28 12:04:09,SPO-EE0018A_00010_100,
2025-05-28,2025-05-28 12:04:09,SP_08301004_6_48,0.035425953567028
2025-05-28,2025-05-28 12:04:09,SPO-FR03043_10,0.0338817052543163
2025-05-28,2025-05-28 12:04:09,SP_08019057_6_48,0.0343973003327846
2025-05-28,2025-05-28 12:04:09,GB_SamplingPoint_107,0.0322525687515735
2025-05-28,2025-05-28 12:04:09,SPO-LU0101A_00010_100,0.0298232808709144
2025-05-28,2025-05-28 12:04:09,GB_SamplingPoint_127,0.027959618717432
2025-05-28,2025-05-28 12:04:09,SPO-FR04055_10,
2025-05-28,2025-05-28 12:04:09,GB_SamplingPoint_205,0.0259472951292991
2025-05-28,2025-05-28 12:04:09,SPO-CH0005A_00010_502,
2025-05-28,2025-05-28 12:04:09,SPO-DK0045A_00010_100,
2025-05-28,2025-05-28 12:04:09,SP_08089005_6_48,0.035425953567028
2025-05-28,2025-05-28 12:09:09,GB_SamplingPoint_61573,0.0278018228709697
2025-05-28,2025-05-28 12:09:09,SPO-EE0018A_00010_100,
2025-05-28,2025-05-28 13:44:09,SP_30016020_6_48,
2025-05-28,2025-05-28 13:44:09,SPO-PT03082_00010_100,0.0335884094238281
2025-05-28,2025-05-28 13:44:09,SP_08169009_6_48,0.0385312922298908
2025-05-28,2025-05-28 13:44:09,SP_28092005_6_48,0.0318407043814659
2025-05-28,2025-05-28 13:44:09,SPO-FR04055_10,0.0291812997311353
2025-05-28,2025-05-28 13:44:09,GB_SamplingPoint_127,0.025969561189413
2025-05-28,2025-05-28 13:44:09,SPO-PT03083_00010_100,0.0355730764567852
2025-05-28,2025-05-28 13:44:09,SP_08019057_6_48,0.0370849519968032
2025-05-28,2025-05-28 13:44:09,SP_15030027_6_48,0.0310020297765731
2025-05-28,2025-05-28 13:44:09,SP_28079035_6_48,0.0293213110417127
2025-05-28,2025-05-28 13:44:09,GB_SamplingPoint_205,0.0286999568343162
2025-05-28,2025-05-28 13:44:09,SP_08019054_6_48,0.0363520830869674
2025-05-28,2025-05-28 13:44:09,SP_08089005_6_48,0.030536200851202
2025-05-28,2025-05-28 13:44:09,GB_SamplingPoint_107,0.0334623008966445
2025-05-28,2025-05-28 13:44:09,SPO-PT03071_00010_100,0.0275760982185602
2025-05-28,2025-05-28 13:49:09,GB_SamplingPoint_112,
2025-05-28,2025-05-28 13:49:09,GB_SamplingPoint_61573,0.0254770833998918
2025-05-28,2025-05-28 13:49:09,GB_SamplingPoint_127,0.025969561189413
2025-05-29,2025-05-29 00:14:09,SPO-EE0018A_00010_100,
2025-05-29,2025-05-29 00:14:09,SPO-DK0045A_00010_100,
2025-05-29,2025-05-29 01:54:09,SPO-EE0018A_00010_100,
2025-05-29,2025-05-29 01:54:09,SPO-DK0045A_00010_100,
2025-05-29,2025-05-29 01:59:09,GB_SamplingPoint_205,
2025-05-29,2025-05-29 01:59:09,GB_SamplingPoint_127,
2025-05-29,2025-05-29 01:59:09,SPO-LU0101A_00010_100,
2025-05-29,2025-05-29 01:59:09,GB_SamplingPoint_112,
2025-05-29,2025-05-29 01:59:09,GB_SamplingPoint_107,
2025-05-29,2025-05-29 01:59:09,GB_SamplingPoint_61573,
2025-05-29,2025-05-29 10:09:09,SPO-EE0018A_00010_100,0.0317374393343925
2025-05-29,2025-05-29 11:39:09,SPO-GR0031A_00010_131,
2025-05-29,2025-05-29 11:39:09,SPO-GR0022A_00010_101,
2025-05-29,2025-05-29 11:44:09,SPO-LU0101A_00010_100,0.0247324742376804
2025-05-29,2025-05-29 11:44:09,SPO-FR04055_10,0.0279146414250135
2025-05-29,2025-05-29 11:44:09,SPO-GR0031A_00010_131,
2025-05-29,2025-05-29 11:44:09,SPO-CH0010A_00010_500,0.028878791257739
2025-05-29,2025-05-29 11:44:09,SPO-FR03043_10,0.0325019359588623
2025-05-29,2025-05-29 11:44:09,SPO-CH0005A_00010_502,0.028878791257739
2025-05-29,2025-05-29 11:44:09,SPO-GR0022A_00010_101,
2025-05-29,2025-05-29 11:49:09,GB_SamplingPoint_127,0.0233566407114267
2025-05-29,2025-05-29 11:49:09,SPO-EE0018A_00010_100,
2025-05-29,2025-05-29 11:49:09,GB_SamplingPoint_205,0.032063502818346
2025-05-29,2025-05-29 11:49:09,SPO-DK0045A_00010_100,0.0297792591154575
2025-05-29,2025-05-29 11:49:09,GB_SamplingPoint_61573,0.025900263339281
2025-05-29,2025-05-29 13:24:09,SP_08019057_6_48,0.0311975870281457
2025-05-29,2025-05-29 13:24:09,SP_15030027_6_48,0.0334875434637069
2025-05-29,2025-05-29 13:24:09,SPO-PT03071_00010_100,0.0338049829006195
2025-05-29,2025-05-29 13:24:09,SPO-FR04055_10,0.0322085730731487
2025-05-29,2025-05-29 13:24:09,SP_08169009_6_48,0.034180324524641
2025-05-29,2025-05-29 13:24:09,SP_28092005_6_48,0.0269101038575172
2025-05-29,2025-05-29 13:24:09,SPO-PT03082_00010_100,0.0252420026808977
2025-05-29,2025-05-29 13:24:09,SP_08089005_6_48,0.0290949754416942
2025-05-29,2025-05-29 13:24:09,SPO-PT03083_00010_100,0.0294655002653598
2025-05-29,2025-05-29 13:24:09,SP_08301004_6_48,0.034180324524641
2025-05-29,2025-05-29 13:24:09,SP_08019054_6_48,0.0309669021517038
2025-05-29,2025-05-29 13:24:09,SP_28079035_6_48,0.0318002440035343
2025-05-29,2025-05-29 13:24:09,SP_30016020_6_48,0.0302560664713382
2025-05-29,2025-05-29 13:24:09,SPO-FR03043_10,0.0283985007554292
2025-05-29,2025-05-29 13:29:09,GB_SamplingPoint_127,
2025-05-29,2025-05-29 13:29:09,GB_SamplingPoint_112,0.026090694591403
2025-05-29,2025-05-29 13:29:09,GB_SamplingPoint_107,0.0283399168401956
2025-05-29,2025-05-29 13:29:09,GB_SamplingPoint_61573,0.0323424339294433
2025-05-29,2025-05-29 13:29:09,GB_SamplingPoint_205,0.0226643085479736
2025-05-29,2025-05-29 23:54:09,SPO-EE0018A_00010_100,
2025-05-30,2025-05-30 01:34:09,SPO-EE0018A_00010_100,
2025-05-30,2025-05-30 01:39:09,SPO-DK0045A_00010_100,
2025-05-30,2025-05-30 01:39:09,GB_SamplingPoint_112,
2025-05-30,2025-05-30 01:39:09,GB_SamplingPoint_127,
2025-05-30,2025-05-30 01:39:09,GB_SamplingPoint_205,
2025-05-30,2025-05-30 03:19:09,SPO-FR04055_10,
2025-05-30,2025-05-30 03:19:09,GB_SamplingPoint_127,
2025-05-30,2025-05-30 03:19:09,GB_SamplingPoint_61573,
2025-05-30,2025-05-30 03:19:09,GB_SamplingPoint_112,
2025-05-30,2025-05-30 03:19:09,GB_SamplingPoint_107,
2025-05-30,2025-05-30 09:49:09,SPO-EE0018A_00010_100,0.0293751209974288
2025-05-30,2025-05-30 11:24:09,SPO-GR0031A_00010_131,0.02741683088243
2025-05-30,2025-05-30 11:24:09,SPO-CH0010A_00010_500,0.0239600725471973
2025-05-30,2025-05-30 11:24:09,SPO-CH0005A_00010_502,0.0239600725471973
2025-05-30,2025-05-30 11:24:09,SPO-GR0022A_00010_101,0.0330401472747325
2025-05-30,2025-05-30 11:29:09,GB_SamplingPoint_61573,0.0360921174287796
2025-05-30,2025-05-30 11:29:09,GB_SamplingPoint_205,0.0285762771964073
2025-05-30,2025-05-30 11:29:09,SPO-EE0018A_00010_100,0.0315625555813312
2025-05-30,2025-05-30 11:29:09,SPO-CH0005A_00010_502,0.0239600725471973
2025-05-30,2025-05-30 11:29:09,SPO-LU0101A_00010_100,0.0291441157460212
2025-05-30,2025-05-30 11:29:09,SPO-FR04055_10,0.0294305253773927
2025-05-30,2025-05-30 11:29:09,SPO-DK0045A_00010_100,0.0302508249878883
2025-05-30,2025-05-30 11:29:09,SPO-CH0010A_00010_500,0.0239600725471973
2025-05-30,2025-05-30 11:29:09,GB_SamplingPoint_127,0.0294412858784198
2025-05-30,2025-05-30 13:04:09,SP_08301004_6_48,
2025-05-30,2025-05-30 13:04:09,SP_30016020_6_48,0.0339040905237197
2025-05-30,2025-05-30 13:04:09,SPO-PT03082_00010_100,0.0330267213284969
2025-05-30,2025-05-30 13:04:09,SP_08089005_6_48,
2025-05-30,2025-05-30 13:04:09,SP_15030027_6_48,
2025-05-30,2025-05-30 13:04:09,SPO-PT03071_00010_100,0.0330267213284969
2025-05-30,2025-05-30 13:04:09,SP_28079035_6_48,0.0260836891829967
2025-05-30,2025-05-30 13:04:09,SP_08019054_6_48,0.0283700451254844
2025-05-30,2025-05-30 13:04:09,SPO-PT03083_00010_100,0.0313753187656402
2025-05-30,2025-05-30 13:04:09,SP_28092005_6_48,0.0267530661076307
2025-05-30,2025-05-30 13:04:09,SPO-CH0010A_00010_500,0.0300623327493667
2025-05-30,2025-05-30 13:04:09,SPO-FR03043_10,0.0277417004108428
2025-05-30,2025-05-30 13:04:09,SP_08169009_6_48,0.0317120626568794
2025-05-30,2025-05-30 13:04:09,SPO-CH0005A_00010_502,0.0309552364051342
2025-05-30,2025-05-30 13:04:09,SP_08019057_6_48,
2025-05-30,2025-05-30 13:09:09,GB_SamplingPoint_112,0.0381176434457302
2025-05-30,2025-05-30 13:09:09,GB_SamplingPoint_107,0.0278600007295608
2025-05-30,2025-05-30 13:09:09,SPO-CH0010A_00010_500,0.0300623327493667
2025-05-30,2025-05-30 13:09:09,GB_SamplingPoint_127,
2025-05-30,2025-05-30 13:09:09,GB_SamplingPoint_205,
2025-05-30,2025-05-30 13:09:09,GB_SamplingPoint_61573,0.0326876230537891
2025-05-30,2025-05-30 13:09:09,SPO-LU0101A_00010_100,0.0244433432817459
2025-05-30,2025-05-30 13:09:09,SPO-CH0005A_00010_502,0.0309552364051342
2025-05-30,2025-05-30 13:09:09,SPO-FR04055_10,0.0292227771133184
2025-05-30,2025-05-30 23:39:09,SPO-EE0018A_00010_100,
2025-05-31,2025-05-31 01:19:09,SPO-EE0018A_00010_100,
2025-05-31,2025-05-31 01:19:09,SPO-DK0045A_00010_100,
2025-05-31,2025-05-31 02:59:09,GB_SamplingPoint_205,
2025-05-31,2025-05-31 02:59:09,GB_SamplingPoint_127,
2025-05-31,2025-05-31 02:59:09,SPO-LU0101A_00010_100,
2025-05-31,2025-05-31 02:59:09,GB_SamplingPoint_61573,
2025-05-31,2025-05-31 02:59:09,GB_SamplingPoint_112,
2025-05-31,2025-05-31 02:59:09,GB_SamplingPoint_107,
2025-05-31,2025-05-31 02:59:09,SPO-DK0045A_00010_100,
2025-05-31,2025-05-31 09:29:09,SPO-EE0018A_00010_100,0.0369023047387599
2025-05-31,2025-05-31 11:04:09,SPO-GR0031A_00010_131,0.0298388078808784
2025-05-31,2025-05-31 11:04:09,SPO-GR0022A_00010_101,0.0253923814743757
2025-05-31,2025-05-31 11:09:09,SPO-DK0045A_00010_100,0.0427951514720916
2025-05-31,2025-05-31 11:09:09,SPO-EE0018A_00010_100,0.0330832414329052
2025-05-31,2025-05-31 12:44:09,SP_28092005_6_48,0.0273000374436378
2025-05-31,2025-05-31 12:44:09,SP_08019057_6_48,0.0337339639663696
2025-05-31,2025-05-31 12:44:09,SP_08089005_6_48,
2025-05-31,2025-05-31 12:44:09,SP_08301004_6_48,
2025-05-31,2025-05-31 12:44:09,SP_08169009_6_48,0.0319161936640739
2025-05-31,2025-05-31 12:44:09,SP_30016020_6_48,0.0313932299613952
2025-05-31,2025-05-31 12:44:09,SP_08019054_6_48,0.033859085291624
2025-05-31,2025-05-31 12:44:09,SP_28079035_6_48,0.0281941052526235
2025-05-31,2025-05-31 12:44:09,SPO-FR03043_10,
2025-05-31,2025-05-31 12:49:09,GB_SamplingPoint_61573,0.0457000099122524
2025-05-31,2025-05-31 12:49:09,GB_SamplingPoint_205,0.0295834708958864
2025-05-31,2025-05-31 12:49:09,SPO-FR03043_10,
2025-05-31,2025-05-31 12:49:09,SP_28092005_6_48,0.0273000374436378
2025-05-31,2025-05-31 12:49:09,SPO-PT03071_00010_100,0.0311873722821474
2025-05-31,2025-05-31 12:49:09,SPO-LU0101A_00010_100,
2025-05-31,2025-05-31 12:49:09,GB_SamplingPoint_107,0.033635176718235
2025-05-31,2025-05-31 12:49:09,SPO-DK0045A_00010_100,0.0386303924024105
2025-05-31,2025-05-31 12:49:09,SPO-CH0005A_00010_502,0.0291846487671136
2025-05-31,2025-05-31 12:49:09,GB_SamplingPoint_112,
2025-05-31,2025-05-31 12:49:09,SPO-CH0010A_00010_500,0.0303876269608736
2025-05-31,2025-05-31 12:49:09,SP_28079035_6_48,0.0281941052526235
2025-05-31,2025-05-31 12:49:09,SPO-FR04055_10,
2025-05-31,2025-05-31 12:49:09,GB_SamplingPoint_127,
2025-05-31,2025-05-31 12:49:09,SP_15030027_6_48,
2025-05-31,2025-05-31 14:24:09,SPO-PT03082_00010_100,0.0303229335695505
2025-05-31,2025-05-31 14:24:09,SPO-PT03071_00010_100,0.0271501913666725
2025-05-31,2025-05-31 14:29:09,SPO-PT03071_00010_100,0.0268801134079694
2025-05-31,2025-05-31 14:29:09,SP_15030027_6_48,
2025-05-31,2025-05-31 14:29:09,SPO-PT03082_00010_100,0.0303229335695505
2025-06-01,2025-06-01 00:59:09,SPO-EE0018A_00010_100,
2025-06-01,2025-06-01 00:59:09,SPO-DK0045A_00010_100,
2025-06-08,2025-06-08 00:29:09,SPO-EE0018A_00010_100,
2025-06-08,2025-06-08 00:29:09,SPO-DK0045A_00010_100,
2025-06-08,2025-06-08 02:09:09,SPO-DK0045A_00010_100,
2025-06-08,2025-06-08 02:09:09,GB_SamplingPoint_107,
2025-06-08,2025-06-08 02:09:09,GB_SamplingPoint_127,
2025-06-08,2025-06-08 02:09:09,GB_SamplingPoint_112,
2025-06-08,2025-06-08 02:09:09,SPO-CH0005A_00010_502,
2025-06-08,2025-06-08 02:09:09,SPO-FR04055_10,
2025-06-08,2025-06-08 02:09:09,GB_SamplingPoint_61573,
2025-06-08,2025-06-08 02:09:09,GB_SamplingPoint_205,
2025-06-08,2025-06-08 02:09:09,SPO-LU0101A_00010_100,
2025-06-08,2025-06-08 02:09:09,SPO-CH0010A_00010_500,
2025-06-08,2025-06-08 02:14:09,SPO-FR04055_10,
2025-06-08,2025-06-08 02:14:09,SPO-CH0005A_00010_502,
2025-06-08,2025-06-08 02:14:09,SPO-CH0010A_00010_500,
2025-06-08,2025-06-08 03:49:09,GB_SamplingPoint_112,
2025-06-08,2025-06-08 03:49:09,GB_SamplingPoint_61573,
2025-06-08,2025-06-08 03:49:09,GB_SamplingPoint_107,
2025-06-08,2025-06-08 10:19:09,SPO-EE0018A_00010_100,0.0471153818070888
2025-06-08,2025-06-08 11:54:09,SPO-GR0022A_00010_101,0.0305573809891939
2025-06-08,2025-06-08 11:54:09,SPO-GR0031A_00010_131,0.0350910387933254
2025-06-08,2025-06-08 11:59:09,SPO-CH0005A_00010_502,
2025-06-08,2025-06-08 11:59:09,SPO-FR03043_10,0.0578437596559524
2025-06-08,2025-06-08 11:59:09,GB_SamplingPoint_205,
2025-06-08,2025-06-08 11:59:09,SPO-LU0101A_00010_100,0.0382062196731567
2025-06-08,2025-06-08 11:59:09,GB_SamplingPoint_107,
2025-06-08,2025-06-08 11:59:09,SPO-FR04055_10,0.0589117184281349
2025-06-08,2025-06-08 11:59:09,SP_08169009_6_48,
2025-06-08,2025-06-08 11:59:09,SPO-EE0018A_00010_100,
2025-06-08,2025-06-08 11:59:09,SP_08019054_6_48,
2025-06-08,2025-06-08 11:59:09,SPO-DK0045A_00010_100,0.0530185736715793
2025-06-08,2025-06-08 11:59:09,GB_SamplingPoint_127,
2025-06-08,2025-06-08 11:59:09,GB_SamplingPoint_112,0.05364740639925
2025-06-08,2025-06-08 11:59:09,GB_SamplingPoint_61573,
2025-06-08,2025-06-08 11:59:09,SPO-CH0010A_00010_500,
2025-06-08,2025-06-08 11:59:09,SP_08019057_6_48,
2025-06-08,2025-06-08 13:34:09,SPO-PT03082_00010_100,0.0326178260147571
2025-06-08,2025-06-08 13:34:09,SPO-PT03083_00010_100,0.0283714514225721
2025-06-08,2025-06-08 13:34:09,SP_28079035_6_48,0.0335167497396469
2025-06-08,2025-06-08 13:34:09,SP_30016020_6_48,0.031808815896511
2025-06-08,2025-06-08 13:34:09,SPO-PT03071_00010_100,0.0297215804457664
2025-06-08,2025-06-08 13:34:09,SP_28092005_6_48,0.0391556955873966
2025-06-08,2025-06-08 13:39:09,GB_SamplingPoint_107,
2025-06-08,2025-06-08 13:39:09,GB_SamplingPoint_205,
2025-06-08,2025-06-08 13:39:09,SPO-FR04055_10,0.0573657602071762
2025-06-08,2025-06-08 13:39:09,GB_SamplingPoint_61573,0.0698935240507125
2025-06-08,2025-06-08 13:39:09,SP_08019057_6_48,
2025-06-08,2025-06-08 13:39:09,SP_08019054_6_48,
2025-06-08,2025-06-08 13:39:09,GB_SamplingPoint_127,
2025-06-08,2025-06-08 13:39:09,SP_08301004_6_48,
2025-06-08,2025-06-08 13:39:09,SPO-LU0101A_00010_100,0.0394688956439495
2025-06-08,2025-06-08 13:39:09,SP_08089005_6_48,
2025-06-08,2025-06-08 13:39:09,SP_28079035_6_48,0.0335167497396469
2025-06-08,2025-06-08 13:39:09,SP_15030027_6_48,0.03912990167737
2025-06-08,2025-06-08 13:39:09,SP_28092005_6_48,0.0391556955873966
2025-06-08,2025-06-08 13:39:09,GB_SamplingPoint_112,
2025-06-08,2025-06-08 13:39:09,SP_08169009_6_48,
2025-06-09,2025-06-09 00:09:09,SPO-EE0018A_00010_100,
2025-06-09,2025-06-09 01:49:09,GB_SamplingPoint_112,
2025-06-09,2025-06-09 01:49:09,SPO-DK0045A_00010_100,
2025-06-09,2025-06-09 01:49:09,GB_SamplingPoint_127,
2025-06-09,2025-06-09 01:49:09,SPO-EE0018A_00010_100,
2025-06-09,2025-06-09 01:49:09,GB_SamplingPoint_61573,
2025-06-09,2025-06-09 01:54:09,SPO-FR04055_10,
2025-06-09,2025-06-09 01:54:09,GB_SamplingPoint_127,
2025-06-09,2025-06-09 01:54:09,GB_SamplingPoint_112,
2025-06-09,2025-06-09 01:54:09,SPO-LU0101A_00010_100,
2025-06-09,2025-06-09 01:54:09,GB_SamplingPoint_107,
2025-06-09,2025-06-09 01:54:09,GB_SamplingPoint_205,
2025-06-09,2025-06-09 03:34:09,GB_SamplingPoint_127,
2025-06-09,2025-06-09 03:34:09,GB_SamplingPoint_112,
2025-06-09,2025-06-09 03:34:09,GB_SamplingPoint_107,
2025-06-01,2025-06-01 02:39:09,GB_SamplingPoint_112,
2025-06-01,2025-06-01 02:39:09,SPO-DK0045A_00010_100,
2025-06-01,2025-06-01 02:39:09,GB_SamplingPoint_127,
2025-06-01,2025-06-01 02:39:09,GB_SamplingPoint_61573,
2025-06-01,2025-06-01 02:44:09,GB_SamplingPoint_205,
2025-06-01,2025-06-01 02:44:09,GB_SamplingPoint_127,
2025-06-01,2025-06-01 02:44:09,GB_SamplingPoint_112,
2025-06-01,2025-06-01 02:44:09,SPO-LU0101A_00010_100,
2025-06-01,2025-06-01 02:44:09,GB_SamplingPoint_107,
2025-06-01,2025-06-01 02:44:09,SPO-CH0005A_00010_502,
2025-06-01,2025-06-01 02:44:09,SPO-FR04055_10,
2025-06-01,2025-06-01 09:09:09,SPO-EE0018A_00010_100,0.0320463851094245
2025-06-01,2025-06-01 10:44:09,SPO-GR0022A_00010_101,0.0292032491415739
2025-06-01,2025-06-01 10:44:09,SPO-GR0031A_00010_131,0.0250123124569654
2025-06-01,2025-06-01 10:49:09,SPO-DK0045A_00010_100,0.0349128693342208
2025-06-01,2025-06-01 10:49:09,SPO-EE0018A_00010_100,0.0355687290430069
2025-06-01,2025-06-01 12:24:09,SPO-GR0022A_00010_101,0.0325270593166351
2025-06-01,2025-06-01 12:24:09,SPO-GR0031A_00010_131,0.0307444911450147
2025-06-01,2025-06-01 12:29:09,SP_08019057_6_48,0.0287712756544351
2025-06-01,2025-06-01 12:29:09,SP_28079035_6_48,0.0293889604508876
2025-06-01,2025-06-01 12:29:09,SP_15030027_6_48,0.026233397424221
2025-06-01,2025-06-01 12:29:09,SP_08169009_6_48,0.0290632508695125
2025-06-01,2025-06-01 12:29:09,SPO-CH0010A_00010_500,0.0268848463892936
2025-06-01,2025-06-01 12:29:09,GB_SamplingPoint_112,0.0285837650299072
2025-06-01,2025-06-01 12:29:09,SPO-DK0045A_00010_100,0.037353727966547
2025-06-01,2025-06-01 12:29:09,SP_08089005_6_48,0.0273441243916749
2025-06-01,2025-06-01 12:29:09,GB_SamplingPoint_127,
2025-06-01,2025-06-01 12:29:09,SP_08301004_6_48,0.0273441243916749
2025-06-01,2025-06-01 12:29:09,GB_SamplingPoint_205,0.0337529964745044
2025-06-01,2025-06-01 12:29:09,SPO-FR04055_10,0.0281685218214988
2025-06-01,2025-06-01 12:29:09,SPO-LU0101A_00010_100,0.0299150925129652
2025-06-01,2025-06-01 12:29:09,SP_08019054_6_48,0.0302856266498565
2025-06-01,2025-06-01 12:29:09,SPO-FR03043_10,0.0261981077492237
2025-06-01,2025-06-01 12:29:09,SP_30016020_6_48,0.0297272372990846
2025-06-01,2025-06-01 12:29:09,SPO-CH0005A_00010_502,0.0332157798111438
2025-06-01,2025-06-01 12:29:09,SP_28092005_6_48,0.0267350487411022
2025-06-01,2025-06-01 12:29:09,GB_SamplingPoint_107,0.0373797714710235
2025-06-01,2025-06-01 12:34:09,GB_SamplingPoint_112,0.0285839568823575
2025-06-01,2025-06-01 12:34:09,GB_SamplingPoint_61573,0.0301997568458318
2025-06-01,2025-06-01 14:09:09,SPO-PT03071_00010_100,
2025-06-01,2025-06-01 14:09:09,SP_30016020_6_48,0.034612737596035
2025-06-01,2025-06-01 14:09:09,SPO-PT03082_00010_100,0.029985923320055
2025-06-01,2025-06-01 14:09:09,SP_15030027_6_48,0.033170748502016
2025-06-01,2025-06-01 14:09:09,GB_SamplingPoint_107,
2025-06-01,2025-06-01 14:09:09,SPO-PT03083_00010_100,0.0323239676654338
2025-06-01,2025-06-01 14:09:09,SP_28079035_6_48,0.0268308278173208
2025-06-01,2025-06-01 14:14:09,GB_SamplingPoint_112,0.0281351152807474
2025-06-02,2025-06-02 00:39:09,SPO-EE0018A_00010_100,
2025-06-02,2025-06-02 00:39:09,SPO-DK0045A_00010_100,
2025-06-02,2025-06-02 02:19:09,SPO-DK0045A_00010_100,
2025-06-02,2025-06-02 02:19:09,SPO-EE0018A_00010_100,
2025-06-02,2025-06-02 02:24:09,SPO-CH0005A_00010_502,
2025-06-02,2025-06-02 02:24:09,GB_SamplingPoint_112,
2025-06-02,2025-06-02 02:24:09,GB_SamplingPoint_61573,
2025-06-02,2025-06-02 02:24:09,GB_SamplingPoint_205,
2025-06-02,2025-06-02 02:24:09,SPO-DK0045A_00010_100,
2025-06-02,2025-06-02 02:24:09,GB_SamplingPoint_127,
2025-06-02,2025-06-02 02:24:09,SPO-CH0010A_00010_500,
2025-06-02,2025-06-02 02:24:09,SPO-FR04055_10,
2025-06-02,2025-06-02 02:24:09,GB_SamplingPoint_107,
2025-06-02,2025-06-02 02:24:09,SPO-LU0101A_00010_100,
2025-06-02,2025-06-02 04:04:09,GB_SamplingPoint_112,
2025-06-02,2025-06-02 10:29:09,SPO-GR0022A_00010_101,0.031188266351819
2025-06-02,2025-06-02 10:34:09,SPO-DK0045A_00010_100,
2025-06-02,2025-06-02 10:34:09,SPO-EE0018A_00010_100,
2025-06-02,2025-06-02 12:09:09,SPO-GR0031A_00010_131,0.0382417514920234
2025-06-02,2025-06-02 12:09:09,SP_08089005_6_48,
2025-06-02,2025-06-02 12:09:09,SPO-FR04055_10,0.0302815176546573
2025-06-02,2025-06-02 12:09:09,SPO-GR0022A_00010_101,
2025-06-02,2025-06-02 12:09:09,SPO-FR03043_10,
2025-06-02,2025-06-02 12:09:09,SPO-CH0010A_00010_500,
2025-06-02,2025-06-02 12:09:09,SP_08301004_6_48,
2025-06-02,2025-06-02 12:09:09,SP_08019054_6_48,
2025-06-02,2025-06-02 12:09:09,SPO-CH0005A_00010_502,
2025-06-02,2025-06-02 12:09:09,SPO-LU0101A_00010_100,
2025-06-02,2025-06-02 12:09:09,SP_08169009_6_48,
2025-06-02,2025-06-02 12:14:09,GB_SamplingPoint_127,0.029862318187952
2025-06-02,2025-06-02 12:14:09,SPO-EE0018A_00010_100,
2025-06-02,2025-06-02 12:14:09,GB_SamplingPoint_61573,
2025-06-02,2025-06-02 12:14:09,GB_SamplingPoint_107,0.0339437462389469
2025-06-02,2025-06-02 12:14:09,GB_SamplingPoint_205,0.0359466150403022
2025-06-02,2025-06-02 12:14:09,SPO-DK0045A_00010_100,0.0301173292100429
2025-06-02,2025-06-02 12:14:09,GB_SamplingPoint_112,0.0395364835858345
2025-06-02,2025-06-02 13:49:09,SPO-FR04055_10,
2025-06-02,2025-06-02 13:49:09,SP_28092005_6_48,0.0295466035604476
2025-06-02,2025-06-02 13:49:09,SP_28079035_6_48,0.0298147965222597
2025-06-02,2025-06-02 13:49:09,SPO-PT03083_00010_100,0.0367806702852249
2025-06-02,2025-06-02 13:49:09,SPO-PT03071_00010_100,0.0361813604831695
2025-06-02,2025-06-02 13:49:09,SP_08169009_6_48,
2025-06-02,2025-06-02 13:49:09,SP_08301004_6_48,
2025-06-02,2025-06-02 13:49:09,SP_08089005_6_48,
2025-06-02,2025-06-02 13:49:09,SP_15030027_6_48,0.036857146769762
2025-06-02,2025-06-02 13:49:09,SPO-PT03082_00010_100,0.0365892276167869
2025-06-02,2025-06-02 13:49:09,SP_30016020_6_48,0.0294028036296367
2025-06-02,2025-06-02 13:54:09,GB_SamplingPoint_61573,0.0344063900411129
2025-06-02,2025-06-02 13:54:09,GB_SamplingPoint_127,0.0342404916882514
2025-06-02,2025-06-02 13:54:09,GB_SamplingPoint_107,0.0366268455982208
2025-06-02,2025-06-02 13:54:09,GB_SamplingPoint_205,0.0304473619908094
2025-06-02,2025-06-02 13:54:09,GB_SamplingPoint_112,0.0384120978415012
2025-06-02,2025-06-02 13:54:09,SPO-FR04055_10,
2025-06-03,2025-06-03 00:19:09,SPO-EE0018A_00010_100,
2025-06-03,2025-06-03 00:24:09,SPO-DK0045A_00010_100,
2025-06-03,2025-06-03 01:59:09,SPO-EE0018A_00010_100,
2025-06-03,2025-06-03 02:04:09,GB_SamplingPoint_205,
2025-06-03,2025-06-03 02:04:09,SPO-DK0045A_00010_100,
2025-06-03,2025-06-03 02:04:09,SPO-LU0101A_00010_100,
2025-06-03,2025-06-03 02:04:09,GB_SamplingPoint_61573,
2025-06-03,2025-06-03 02:04:09,GB_SamplingPoint_107,
2025-06-03,2025-06-03 02:04:09,SPO-FR04055_10,
2025-06-03,2025-06-03 02:04:09,GB_SamplingPoint_127,
2025-06-03,2025-06-03 02:04:09,GB_SamplingPoint_112,
2025-06-03,2025-06-03 03:44:09,GB_SamplingPoint_61573,
2025-06-03,2025-06-03 03:44:09,GB_SamplingPoint_107,
2025-06-03,2025-06-03 03:44:09,GB_SamplingPoint_205,
2025-06-03,2025-06-03 03:44:09,GB_SamplingPoint_112,
2025-06-03,2025-06-03 10:14:09,SPO-EE0018A_00010_100,0.0303218588232994
2025-06-03,2025-06-03 11:49:09,SP_08169009_6_48,
2025-06-03,2025-06-03 11:49:09,SP_08019054_6_48,
2025-06-03,2025-06-03 11:49:09,SP_08019057_6_48,
2025-06-03,2025-06-03 11:49:09,SPO-CH0010A_00010_500,0.0313177965581417
2025-06-03,2025-06-03 11:49:09,SPO-GR0031A_00010_131,0.0368129312992095
2025-06-03,2025-06-03 11:49:09,SPO-CH0005A_00010_502,0.033388901501894
2025-06-03,2025-06-03 11:49:09,SP_08301004_6_48,
2025-06-03,2025-06-03 11:49:09,SPO-FR03043_10,0.0306337717920541
2025-06-03,2025-06-03 11:49:09,SPO-GR0022A_00010_101,0.0333530455827713
2025-06-03,2025-06-03 11:54:09,GB_SamplingPoint_205,0.0560948401689529
2025-06-03,2025-06-03 11:54:09,GB_SamplingPoint_112,0.0477607101202011
2025-06-03,2025-06-03 11:54:09,SPO-EE0018A_00010_100,0.0306875202804803
2025-06-03,2025-06-03 11:54:09,SPO-FR04055_10,0.045404527336359
2025-06-03,2025-06-03 11:54:09,SPO-DK0045A_00010_100,0.0414776466786861
2025-06-03,2025-06-03 11:54:09,SPO-LU0101A_00010_100,0.0373500026762485
2025-06-03,2025-06-03 11:54:09,GB_SamplingPoint_127,0.0494733825325965
2025-06-03,2025-06-03 11:54:09,GB_SamplingPoint_61573,0.0430094897747039
2025-06-03,2025-06-03 11:54:09,GB_SamplingPoint_107,0.0438424423336982
2025-06-03,2025-06-03 13:29:09,SPO-FR03043_10,0.0274215452373027
2025-06-03,2025-06-03 13:29:09,SP_28092005_6_48,0.028356060385704
2025-06-03,2025-06-03 13:29:09,SP_30016020_6_48,0.0314298532903194
2025-06-03,2025-06-03 13:29:09,SP_08169009_6_48,0.0304727051407098
2025-06-03,2025-06-03 13:29:09,SP_28079035_6_48,0.0306752510368824
2025-06-03,2025-06-03 13:29:09,SPO-PT03083_00010_100,0.063407115638256
2025-06-03,2025-06-03 13:29:09,SP_08019057_6_48,0.0320808328688144
2025-06-03,2025-06-03 13:29:09,SP_15030027_6_48,0.0511903390288353
2025-06-03,2025-06-03 13:29:09,SP_08019054_6_48,
2025-06-03,2025-06-03 13:29:09,SP_08089005_6_48,0.0304727051407098
2025-06-03,2025-06-03 13:29:09,SPO-PT03082_00010_100,0.0672708377242088
2025-06-03,2025-06-03 13:29:09,SPO-PT03071_00010_100,0.0661784633994102
2025-06-03,2025-06-03 13:29:09,SP_08301004_6_48,0.0304727051407098
2025-06-03,2025-06-03 13:34:09,GB_SamplingPoint_112,0.047411423176527
2025-06-03,2025-06-03 13:34:09,GB_SamplingPoint_107,0.0493385605514049
2025-06-03,2025-06-03 13:34:09,SPO-FR04055_10,0.0562449507415294
2025-06-03,2025-06-03 13:34:09,SPO-LU0101A_00010_100,0.0347135663032531
2025-06-03,2025-06-03 13:34:09,SPO-CH0010A_00010_500,
2025-06-03,2025-06-03 13:34:09,GB_SamplingPoint_205,
2025-06-03,2025-06-03 13:34:09,GB_SamplingPoint_127,0.0466533228754997
2025-06-03,2025-06-03 13:34:09,GB_SamplingPoint_61573,0.0393243320286273
2025-06-04,2025-06-04 00:04:09,SPO-EE0018A_00010_100,
2025-06-04,2025-06-04 01:44:09,GB_SamplingPoint_107,
2025-06-04,2025-06-04 01:44:09,GB_SamplingPoint_61573,
2025-06-04,2025-06-04 01:44:09,SPO-EE0018A_00010_100,
2025-06-04,2025-06-04 01:44:09,GB_SamplingPoint_112,
2025-06-04,2025-06-04 01:44:09,GB_SamplingPoint_127,
2025-06-04,2025-06-04 01:44:09,SPO-LU0101A_00010_100,
2025-06-04,2025-06-04 01:44:09,GB_SamplingPoint_205,
2025-06-04,2025-06-04 01:44:09,SPO-DK0045A_00010_100,
2025-06-04,2025-06-04 03:24:09,GB_SamplingPoint_205,
2025-06-04,2025-06-04 03:24:09,GB_SamplingPoint_61573,
2025-06-04,2025-06-04 03:24:09,GB_SamplingPoint_112,
2025-06-04,2025-06-04 03:24:09,GB_SamplingPoint_127,
2025-06-04,2025-06-04 09:54:09,SPO-EE0018A_00010_100,0.0510086081922054
2025-06-04,2025-06-04 11:29:09,SPO-GR0022A_00010_101,0.0279069449752569
2025-06-04,2025-06-04 11:29:09,SPO-GR0031A_00010_131,0.0276542957872152
2025-06-04,2025-06-04 11:34:09,GB_SamplingPoint_61573,0.0256467554718256
2025-06-04,2025-06-04 11:34:09,SPO-CH0005A_00010_502,
2025-06-04,2025-06-04 11:34:09,SPO-CH0010A_00010_500,
2025-06-04,2025-06-04 11:34:09,GB_SamplingPoint_205,0.0538266934454441
2025-06-04,2025-06-04 11:34:09,SPO-DK0045A_00010_100,0.0445078834891319
2025-06-04,2025-06-04 11:34:09,SPO-LU0101A_00010_100,0.0382936932146549
2025-06-04,2025-06-04 11:34:09,SPO-FR04055_10,0.0394519232213497
2025-06-04,2025-06-04 11:34:09,GB_SamplingPoint_127,0.0613857731223106
2025-06-04,2025-06-04 11:34:09,SPO-EE0018A_00010_100,0.0409096293151378
2025-06-04,2025-06-04 13:09:09,SPO-PT03071_00010_100,0.0331931486725807
2025-06-04,2025-06-04 13:09:09,SPO-PT03082_00010_100,0.0331931486725807
2025-06-04,2025-06-04 13:09:09,SPO-PT03083_00010_100,0.0344235971570014
2025-06-04,2025-06-04 13:09:09,SP_08089005_6_48,0.0377620421350002
2025-06-04,2025-06-04 13:09:09,SP_08169009_6_48,0.0387365445494651
2025-06-04,2025-06-04 13:09:09,SP_08019054_6_48,0.0429203622043132
2025-06-04,2025-06-04 13:09:09,SP_30016020_6_48,0.0473377667367458
2025-06-04,2025-06-04 13:09:09,SP_08019057_6_48,0.0382404811680316
2025-06-04,2025-06-04 13:09:09,SP_28092005_6_48,0.0332429856061935
2025-06-04,2025-06-04 13:09:09,SP_08301004_6_48,0.0377620421350002
2025-06-04,2025-06-04 13:09:09,SP_28079035_6_48,0.0365535020828247
2025-06-04,2025-06-04 13:14:09,SP_08301004_6_48,
2025-06-04,2025-06-04 13:14:09,SPO-FR03043_10,0.0464422516524791
2025-06-04,2025-06-04 13:14:09,SPO-PT03071_00010_100,0.0331931486725807
2025-06-04,2025-06-04 13:14:09,SPO-PT03082_00010_100,0.0331931486725807
2025-06-04,2025-06-04 13:14:09,SP_28092005_6_48,0.0338999107480049
2025-06-04,2025-06-04 13:14:09,SP_08169009_6_48,0.0382404811680316
2025-06-04,2025-06-04 13:14:09,SP_15030027_6_48,0.0370912328362464
2025-06-04,2025-06-04 13:14:09,SP_08019057_6_48,0.0382404811680316
2025-06-04,2025-06-04 13:14:09,SP_28079035_6_48,0.0365535020828247
2025-06-04,2025-06-04 13:14:09,SP_08019054_6_48,0.0429203622043132
2025-06-04,2025-06-04 13:14:09,SP_08089005_6_48,
2025-06-04,2025-06-04 13:14:09,SPO-FR04055_10,0.0398455746471881
2025-06-04,2025-06-04 13:14:09,SPO-PT03083_00010_100,0.0344235971570014
2025-06-04,2025-06-04 13:14:09,GB_SamplingPoint_112,0.0435293838381767
2025-06-04,2025-06-04 13:14:09,GB_SamplingPoint_127,0.0403782166540622
2025-06-04,2025-06-04 13:14:09,SPO-CH0005A_00010_502,
2025-06-04,2025-06-04 13:14:09,GB_SamplingPoint_205,0.0494924709200859
2025-06-04,2025-06-04 13:14:09,GB_SamplingPoint_61573,0.0293416660279035
2025-06-04,2025-06-04 13:14:09,GB_SamplingPoint_107,0.042200569063425
2025-06-04,2025-06-04 13:14:09,SPO-LU0101A_00010_100,0.0365324281156063
2025-06-04,2025-06-04 13:14:09,SPO-CH0010A_00010_500,
2025-06-04,2025-06-04 23:44:09,SPO-EE0018A_00010_100,
2025-06-05,2025-06-05 01:24:09,SPO-EE0018A_00010_100,
2025-06-05,2025-06-05 01:24:09,GB_SamplingPoint_61573,
2025-06-05,2025-06-05 01:24:09,SPO-DK0045A_00010_100,
2025-06-05,2025-06-05 01:24:09,GB_SamplingPoint_127,
2025-06-05,2025-06-05 01:29:09,GB_SamplingPoint_205,
2025-06-05,2025-06-05 01:29:09,GB_SamplingPoint_107,
2025-06-05,2025-06-05 03:04:09,GB_SamplingPoint_61573,
2025-06-05,2025-06-05 03:09:09,SPO-FR04055_10,
2025-06-05,2025-06-05 03:09:09,GB_SamplingPoint_112,
2025-06-05,2025-06-05 03:09:09,GB_SamplingPoint_205,
2025-06-05,2025-06-05 03:09:09,SPO-LU0101A_00010_100,
2025-06-05,2025-06-05 03:09:09,GB_SamplingPoint_127,
2025-06-05,2025-06-05 03:09:09,GB_SamplingPoint_107,
2025-06-05,2025-06-05 11:09:09,SPO-GR0022A_00010_101,0.0324988700449466
2025-06-05,2025-06-05 11:09:09,SPO-GR0031A_00010_131,0.0268623884767293
2025-06-05,2025-06-05 11:14:09,SPO-DK0045A_00010_100,0.0434275269508361
2025-06-05,2025-06-05 11:14:09,SPO-CH0005A_00010_502,
2025-06-05,2025-06-05 11:14:09,SPO-EE0018A_00010_100,
2025-06-05,2025-06-05 11:19:09,GB_SamplingPoint_61573,0.0612539388239383
2025-06-05,2025-06-05 12:54:09,SP_08019057_6_48,0.0334219485521316
2025-06-05,2025-06-05 12:54:09,SP_08301004_6_48,0.0290999244898557
2025-06-05,2025-06-05 12:54:09,SP_08089005_6_48,0.0290999244898557
2025-06-05,2025-06-05 12:54:09,SP_30016020_6_48,0.0364418104290962
2025-06-05,2025-06-05 12:54:09,SP_28092005_6_48,0.0277784541249275
2025-06-05,2025-06-05 12:54:09,SPO-CH0010A_00010_500,
2025-06-05,2025-06-05 12:54:09,SP_08019054_6_48,0.0410084165632724
2025-06-05,2025-06-05 12:54:09,SPO-CH0005A_00010_502,
2025-06-05,2025-06-05 12:54:09,GB_SamplingPoint_107,0.0385405123233795
2025-06-05,2025-06-05 12:54:09,SP_08169009_6_48,0.0365313179790973
2025-06-05,2025-06-05 12:54:09,SPO-PT03071_00010_100,0.0318080894649028
2025-06-05,2025-06-05 12:54:09,SPO-FR03043_10,0.0396840386092662
2025-06-05,2025-06-05 12:54:09,GB_SamplingPoint_127,0.0760841965675354
2025-06-05,2025-06-05 12:54:09,SPO-LU0101A_00010_100,0.044176559895277
2025-06-05,2025-06-05 12:54:09,GB_SamplingPoint_112,0.0379136614501476
2025-06-05,2025-06-05 12:54:09,SP_15030027_6_48,
2025-06-05,2025-06-05 12:54:09,SPO-FR04055_10,
2025-06-05,2025-06-05 12:54:09,SP_28079035_6_48,0.0295692235231399
2025-06-05,2025-06-05 12:54:09,GB_SamplingPoint_205,
2025-06-05,2025-06-05 12:59:09,GB_SamplingPoint_61573,
2025-06-05,2025-06-05 12:59:09,GB_SamplingPoint_112,0.0379136614501476
2025-06-05,2025-06-05 14:34:09,SP_15030027_6_48,
2025-06-05,2025-06-05 14:34:09,SPO-PT03071_00010_100,0.0277732983231544
2025-06-05,2025-06-05 23:24:09,SPO-EE0018A_00010_100,
2025-06-06,2025-06-06 01:04:09,SPO-EE0018A_00010_100,
2025-06-06,2025-06-06 01:04:09,SPO-DK0045A_00010_100,
2025-06-06,2025-06-06 01:09:09,SPO-DK0045A_00010_100,
2025-06-06,2025-06-06 02:49:09,GB_SamplingPoint_107,
2025-06-06,2025-06-06 02:49:09,GB_SamplingPoint_61573,
2025-06-06,2025-06-06 02:49:09,GB_SamplingPoint_205,
2025-06-06,2025-06-06 02:49:09,GB_SamplingPoint_127,
2025-06-06,2025-06-06 02:49:09,GB_SamplingPoint_112,
2025-06-06,2025-06-06 02:49:09,SPO-FR04055_10,
2025-06-06,2025-06-06 02:49:09,SPO-CH0005A_00010_502,
2025-06-06,2025-06-06 02:49:09,SPO-LU0101A_00010_100,
2025-06-06,2025-06-06 02:49:09,SPO-CH0010A_00010_500,
2025-06-06,2025-06-06 10:54:09,SPO-GR0031A_00010_131,0.0327232033014297
2025-06-06,2025-06-06 10:54:09,SPO-GR0022A_00010_101,0.0328103564679622
2025-06-06,2025-06-06 10:59:09,SPO-DK0045A_00010_100,0.0439166948199272
2025-06-06,2025-06-06 10:59:09,SPO-EE0018A_00010_100,
2025-06-06,2025-06-06 12:34:09,SP_08019057_6_48,0.0253776889294385
2025-06-06,2025-06-06 12:34:09,SP_08019054_6_48,0.0269427839666605
2025-06-06,2025-06-06 12:34:09,SPO-CH0005A_00010_502,
2025-06-06,2025-06-06 12:34:09,SP_28092005_6_48,0.0300828460603952
2025-06-06,2025-06-06 12:34:09,SP_08089005_6_48,0.0307648163288831
2025-06-06,2025-06-06 12:34:09,SP_08169009_6_48,
2025-06-06,2025-06-06 12:34:09,SPO-FR04055_10,
2025-06-06,2025-06-06 12:34:09,SP_08301004_6_48,0.0335976146161556
2025-06-06,2025-06-06 12:34:09,SP_30016020_6_48,0.0368131622672081
2025-06-06,2025-06-06 12:34:09,SPO-FR03043_10,
2025-06-06,2025-06-06 12:34:09,SPO-LU0101A_00010_100,
2025-06-06,2025-06-06 12:34:09,SPO-CH0010A_00010_500,
2025-06-06,2025-06-06 12:39:09,GB_SamplingPoint_205,0.0393339022994041
2025-06-06,2025-06-06 12:39:09,GB_SamplingPoint_112,0.0328313186764717
2025-06-06,2025-06-06 12:39:09,GB_SamplingPoint_61573,0.034180287271738
2025-06-06,2025-06-06 12:39:09,GB_SamplingPoint_127,0.0336986668407917
2025-06-06,2025-06-06 12:39:09,SPO-DK0045A_00010_100,
2025-06-06,2025-06-06 12:39:09,GB_SamplingPoint_107,0.033719003200531
2025-06-06,2025-06-06 14:14:09,SPO-PT03082_00010_100,0.0291387159377336
2025-06-06,2025-06-06 14:14:09,SP_28092005_6_48,0.0276725701987743
2025-06-06,2025-06-06 14:14:09,SP_15030027_6_48,0.0394119434058666
2025-06-06,2025-06-06 14:14:09,SPO-PT03083_00010_100,0.0291913170367479
2025-06-06,2025-06-06 14:14:09,SPO-PT03071_00010_100,0.0291387159377336
2025-06-06,2025-06-06 14:19:09,GB_SamplingPoint_61573,0.0376464985311031
2025-06-06,2025-06-06 14:19:09,GB_SamplingPoint_112,0.0380428992211818
2025-06-07,2025-06-07 00:44:09,SPO-EE0018A_00010_100,
2025-06-07,2025-06-07 00:49:09,SPO-DK0045A_00010_100,
2025-06-07,2025-06-07 02:24:09,SPO-EE0018A_00010_100,0.0439872294664382
2025-06-07,2025-06-07 02:29:09,GB_SamplingPoint_127,
2025-06-07,2025-06-07 02:29:09,SPO-DK0045A_00010_100,
2025-06-07,2025-06-07 02:29:09,SPO-CH0005A_00010_502,
2025-06-07,2025-06-07 02:29:09,SPO-CH0010A_00010_500,
2025-06-07,2025-06-07 02:29:09,GB_SamplingPoint_107,
2025-06-07,2025-06-07 02:29:09,SPO-LU0101A_00010_100,
2025-06-07,2025-06-07 02:29:09,GB_SamplingPoint_112,
2025-06-07,2025-06-07 02:29:09,SPO-FR04055_10,
2025-06-07,2025-06-07 02:29:09,GB_SamplingPoint_205,
2025-06-07,2025-06-07 02:29:09,GB_SamplingPoint_61573,
2025-06-07,2025-06-07 04:09:09,GB_SamplingPoint_61573,
2025-06-07,2025-06-07 10:39:09,SPO-EE0018A_00010_100,0.0358671285212039
2025-06-07,2025-06-07 10:39:09,SPO-DK0045A_00010_100,0.0342342518270015
2025-06-07,2025-06-07 12:14:09,SP_08301004_6_48,0.0393642708659172
2025-06-07,2025-06-07 12:14:09,SPO-CH0010A_00010_500,
2025-06-07,2025-06-07 12:14:09,SP_08089005_6_48,0.0393642708659172
2025-06-07,2025-06-07 12:14:09,SPO-GR0031A_00010_131,0.0308880154043436
2025-06-07,2025-06-07 12:14:09,SPO-FR03043_10,0.0307272709906101
2025-06-07,2025-06-07 12:14:09,SP_08019057_6_48,0.0363266766071319
2025-06-07,2025-06-07 12:14:09,SPO-CH0005A_00010_502,
2025-06-07,2025-06-07 12:14:09,SP_08019054_6_48,0.0376441478729248
2025-06-07,2025-06-07 12:14:09,SP_28079035_6_48,0.0307106506079435
2025-06-07,2025-06-07 12:14:09,SP_08169009_6_48,0.0393642708659172
2025-06-07,2025-06-07 12:19:09,SPO-DK0045A_00010_100,0.0353391021490097
2025-06-07,2025-06-07 12:19:09,GB_SamplingPoint_107,
2025-06-07,2025-06-07 12:19:09,SPO-LU0101A_00010_100,0.0636309757828712
2025-06-07,2025-06-07 12:19:09,GB_SamplingPoint_127,0.050647921860218
2025-06-07,2025-06-07 12:19:09,GB_SamplingPoint_112,0.0624537132680416
2025-06-07,2025-06-07 12:19:09,GB_SamplingPoint_61573,0.0557391308248043
2025-06-07,2025-06-07 12:19:09,GB_SamplingPoint_205,0.053137619048357
2025-06-07,2025-06-07 12:19:09,SPO-FR04055_10,0.10357266664505
2025-06-07,2025-06-07 13:54:09,SP_28092005_6_48,0.0346390828490257
2025-06-07,2025-06-07 13:54:09,SP_08019057_6_48,0.0366200134158134
2025-06-07,2025-06-07 13:54:09,SPO-PT03083_00010_100,0.0324833318591117
2025-06-07,2025-06-07 13:54:09,SPO-PT03082_00010_100,0.0318175069987773
2025-06-07,2025-06-07 13:54:09,SP_08019054_6_48,0.0366200134158134
2025-06-07,2025-06-07 13:54:09,SP_30016020_6_48,0.030321754515171
2025-06-07,2025-06-07 13:54:09,SPO-PT03071_00010_100,0.0360544584691524
2025-06-07,2025-06-07 13:54:09,SP_28079035_6_48,0.0362598598003387
2025-06-07,2025-06-07 13:54:09,SP_15030027_6_48,0.0284295510500669
2025-06-07,2025-06-07 13:59:09,GB_SamplingPoint_112,0.0573848076164722
2025-06-07,2025-06-07 13:59:09,GB_SamplingPoint_127,
2025-06-07,2025-06-07 13:59:09,GB_SamplingPoint_61573,0.0604404136538505
2025-06-07,2025-06-07 13:59:09,GB_SamplingPoint_107,
2025-06-07,2025-06-07 13:59:09,SP_15030027_6_48,0.0284295510500669
2025-05-20,2025-05-20 09:37:02,SPO-EE0018A_00010_100,
2025-05-20,2025-05-20 11:12:02,SPO-GR0022A_00010_101,0.0367441475391387
2025-05-20,2025-05-20 11:12:02,SPO-CH0005A_00010_502,
2025-05-20,2025-05-20 11:12:02,SPO-GR0031A_00010_131,0.0318355523049831
2025-05-20,2025-05-20 11:17:02,SPO-EE0018A_00010_100,0.0328427404165267
2025-05-20,2025-05-20 11:17:02,SPO-DK0045A_00010_100,0.0280275624245405
2025-05-20,2025-05-20 11:17:02,GB_SamplingPoint_61573,0.0290366522967815
2025-05-20,2025-05-20 12:52:02,SP_15030027_6_48,0.0293809287250041
2025-05-20,2025-05-20 12:52:02,SPO-FR03043_10,0.0321099162101745
2025-05-20,2025-05-20 12:52:02,SP_28092005_6_48,0.0267542507499456
2025-05-20,2025-05-20 12:52:02,SP_28079035_6_48,0.029072618111968
2025-05-20,2025-05-20 12:52:02,SP_08301004_6_48,0.028365671634674
2025-05-20,2025-05-20 12:52:02,SP_08019057_6_48,0.0299002584069967
2025-05-20,2025-05-20 12:52:02,SP_08089005_6_48,0.028365671634674
2025-05-20,2025-05-20 12:52:02,SP_08019054_6_48,0.0284031741321086
2025-05-20,2025-05-20 12:52:02,SPO-LU0101A_00010_100,0.031490609049797
2025-05-20,2025-05-20 12:52:02,SPO-CH0005A_00010_502,0.0319204963743686
2025-05-20,2025-05-20 12:52:02,SPO-FR04055_10,0.0333370901644229
2025-05-20,2025-05-20 12:52:02,SP_08169009_6_48,0.0248296838253736
2025-05-20,2025-05-20 12:52:02,SP_30016020_6_48,0.0328625999391078
2025-05-20,2025-05-20 12:52:02,SPO-CH0010A_00010_500,
2025-05-20,2025-05-20 12:52:02,SPO-PT03071_00010_100,0.0323875211179256
2025-05-20,2025-05-20 12:52:02,SPO-PT03082_00010_100,0.033907227218151
2025-05-20,2025-05-20 12:52:02,SPO-PT03083_00010_100,0.0366953797638416
2025-05-20,2025-05-20 12:57:02,GB_SamplingPoint_107,0.0267142988741397
2025-05-20,2025-05-20 12:57:02,GB_SamplingPoint_61573,0.0315854996442794
2025-05-20,2025-05-20 12:57:02,GB_SamplingPoint_205,0.0296298991888761
2025-05-20,2025-05-20 12:57:02,GB_SamplingPoint_112,0.0304141547530889
2025-05-20,2025-05-20 12:57:02,SPO-LU0101A_00010_100,0.031490609049797
2025-05-20,2025-05-20 12:57:02,SPO-DK0045A_00010_100,0.0292236190289258
2025-05-20,2025-05-20 12:57:02,GB_SamplingPoint_127,0.0300184842199087
2025-05-21,2025-05-21 10:52:02,SPO-GR0022A_00010_101,0.0341510474681854
2025-05-21,2025-05-21 10:52:02,SPO-GR0031A_00010_131,0.0317142494022846
2025-06-09,2025-06-09 03:29:09,GB_SamplingPoint_61573,
2025-06-10,2025-06-10 13:04:09,SPO-DK0045A_00010_100,
2025-06-10,2025-06-10 13:04:09,GB_SamplingPoint_127,0.041415449231863
2025-06-10,2025-06-10 13:04:09,GB_SamplingPoint_107,0.0411782786250114
2025-06-10,2025-06-10 13:04:09,GB_SamplingPoint_61573,0.037332285195589
2025-06-10,2025-06-10 13:04:09,GB_SamplingPoint_112,0.0386051498353481
2025-06-10,2025-06-10 13:04:09,GB_SamplingPoint_205,0.0430927760899066
